{"WBGene00007063": {"length": 3666, "numberOfHits": 1, "mutsPerBase": 0.00027277686852154935, "dRatio": 0.2787, "pRatio": 2.125, "elegansLocus": -1, "ma": false}, "WBGene00007064": {"length": 8072, "numberOfHits": 3, "mutsPerBase": 0.00037165510406342913, "dRatio": 0.03388, "pRatio": 0.4, "elegansLocus": "15274381", "ma": true}, "WBGene00003525": {"length": 3937, "numberOfHits": 1, "mutsPerBase": 0.000254000508001016, "dRatio": 0.03382, "pRatio": 1.0, "elegansLocus": -1, "ma": false}, "WBGene00007067": {"length": 3032, "numberOfHits": 1, "mutsPerBase": 0.00032981530343007914, "dRatio": 0.04855, "pRatio": 1.0833333333333333, "elegansLocus": -1, "ma": false}, "WBGene00004964": {"length": 1490, "numberOfHits": 1, "mutsPerBase": 0.0006711409395973154, "dRatio": 0.07236, "pRatio": 0.8333333333333334, "elegansLocus": -1, "ma": false}, "WBGene00005532": {"length": 1366, "numberOfHits": 1, "mutsPerBase": 0.0007320644216691069, "dRatio": 0.05914, "pRatio": 3.5, "elegansLocus": -1, "ma": false}, "WBGene00007070": {"length": 1940, "numberOfHits": 1, "mutsPerBase": 0.0005154639175257732, "dRatio": 0.09751, "pRatio": 1.3571428571428572, "elegansLocus": -1, "ma": false}, "WBGene00000024": {"length": 1486, "numberOfHits": 1, "mutsPerBase": 0.0006729475100942127, "dRatio": 0.0675, "pRatio": 1.3333333333333333, "elegansLocus": -1, "ma": false}, "WBGene00007071": {"length": 4978, "numberOfHits": 1, "mutsPerBase": 0.0002008838891120932, "dRatio": 0.07325, "pRatio": 1.2, "elegansLocus": -1, "ma": false}, "WBGene00000724": {"length": 1692, "numberOfHits": 1, "mutsPerBase": 0.000591016548463357, "dRatio": 0.1372, "pRatio": 1.7142857142857142, "elegansLocus": -1, "ma": false}}