{"WBGene00018771": {"length": 6720, "numberOfHits": 2, "mutsPerBase": 0.00029761904761904765, "chromosome": "I", "locus": "142547", "ma": true, "pRatio": 1.68, "tajD": -2.0931, "pi": 0.0001, "dRatio": null, "McKt": null}, "WBGene00021671": {"length": 4679, "numberOfHits": 2, "mutsPerBase": 0.00042744176106005556, "chromosome": "I", "locus": "237592", "ma": true, "pRatio": 1.5357142857142858, "tajD": -1.0396, "pi": 0.0004, "dRatio": null, "McKt": null}, "WBGene00016902": {"length": 14256, "numberOfHits": 4, "mutsPerBase": 0.0002805836139169473, "chromosome": "I", "locus": "304550", "ma": true, "pRatio": 0.625, "tajD": -0.0622, "pi": 0.0001, "dRatio": 0.06359, "McKt": 0.10174399999999999}, "WBGene00002077": {"length": 4008, "numberOfHits": 2, "mutsPerBase": 0.000499001996007984, "chromosome": "I", "locus": "312021", "ma": true, "pRatio": 0.36, "tajD": -1.458, "pi": 0.0001, "dRatio": 0.08871, "McKt": 0.24641666666666667}, "WBGene00002079": {"length": 4803, "numberOfHits": 2, "mutsPerBase": 0.00041640641265875496, "chromosome": "I", "locus": "322323", "ma": true, "pRatio": 0.25, "tajD": -0.84, "pi": 0, "dRatio": 0.0674, "McKt": 0.2696}, "WBGene00006593": {"length": 17602, "numberOfHits": 3, "mutsPerBase": 0.0001704351778207022, "chromosome": "I", "locus": "458271", "ma": true, "pRatio": 0.7857142857142857, "tajD": -1.9557, "pi": 0.0001, "dRatio": 0.08487, "McKt": 0.10801636363636365}, "WBGene00022035": {"length": 5898, "numberOfHits": 3, "mutsPerBase": 0.000508646998982706, "chromosome": "I", "locus": "499888", "ma": true, "pRatio": 0.5833333333333334, "tajD": -1.1852, "pi": 0.0002, "dRatio": 0.146, "McKt": 0.2502857142857143}, "WBGene00018923": {"length": 14793, "numberOfHits": 3, "mutsPerBase": 0.00020279862096937742, "chromosome": "I", "locus": "616438", "ma": true, "pRatio": 1.0769230769230769, "tajD": -1.4322, "pi": 0.0007, "dRatio": 0.1262, "McKt": 0.1171857142857143}, "WBGene00022027": {"length": 1048, "numberOfHits": 2, "mutsPerBase": 0.0019083969465648854, "chromosome": "I", "locus": "637219", "ma": true, "pRatio": 1.0, "tajD": -0.6526, "pi": 0.0007, "dRatio": 0.05089, "McKt": 0.05089}, "WBGene00021208": {"length": 3348, "numberOfHits": 3, "mutsPerBase": 0.0008960573476702509, "chromosome": "I", "locus": "697317", "ma": true, "pRatio": 1.5625, "tajD": -1.3324, "pi": 0.0003, "dRatio": 0.06324, "McKt": 0.040473600000000005}}