{"WBGene00002040": {"count": [21, 62], "chromosome": "I", "ratio": 0.3387096774193548}, "WBGene00021329": {"count": [71, 48], "chromosome": "I", "ratio": 1.4791666666666667}, "WBGene00017741": {"count": [10, 14], "chromosome": "I", "ratio": 0.7142857142857143}, "WBGene00001404": {"count": [5, 7], "chromosome": "I", "ratio": 0.7142857142857143}, "WBGene00004226": {"count": [28, 28], "chromosome": "I", "ratio": 1.0}, "WBGene00019461": {"count": [20, 16], "chromosome": "I", "ratio": 1.25}, "WBGene00000832": {"count": [21, 19], "chromosome": "I", "ratio": 1.105263157894737}, "WBGene00021271": {"count": [19, 10], "chromosome": "I", "ratio": 1.9}, "WBGene00021270": {"count": [10, 9], "chromosome": "I", "ratio": 1.1111111111111112}, "WBGene00021269": {"count": [3, 8], "chromosome": "I", "ratio": 0.375}}