{"WBGene00021676": {"A": 0.001876172607879925, "C": 0.002564102564102564, "G": 0.004914004914004914, "T": 0.001876172607879925, "ratio": 1.6}, "WBGene00018958": {"A": 0.0007479431563201197, "C": 0.002026342451874367, "G": 0.0010121457489878543, "T": 0.0006640106241699867, "ratio": 0.6666666666666666}, "WBGene00000227": {"A": 0.00012227928588897041, "C": 0.0002331002331002331, "G": 0.0002173913043478261, "T": 0.0002514774299006664, "ratio": 1.1020408163265305}, "WBGene00016902": {"A": 0.00023030861354214648, "C": 0.000744324525493115, "G": 0.0008230452674897119, "T": 0.00041631973355537054, "ratio": 0.625}, "WBGene00016906": {"A": 0.0006406149903907751, "C": 0.0009633911368015414, "G": 0.0009823182711198428, "T": 0.001467351430667645, "ratio": 0.8571428571428571}, "WBGene00020088": {"A": 0.0005595970900951316, "C": 0.002442002442002442, "G": 0.0021953896816684962, "T": 0.0005955926146515784, "ratio": 1.0909090909090908}, "WBGene00020089": {"A": 0.0004342162396873643, "C": 0.0013351134846461949, "G": 0.002484472049689441, "T": 0.001215066828675577, "ratio": 2.2}, "WBGene00021734": {"A": 0.0005428881650380022, "C": 0.001834862385321101, "G": 0.000946073793755913, "T": 0.0005467468562055768, "ratio": 0.7222222222222222}, "WBGene00001814": {"A": 0.0005924170616113745, "C": 0.0020604395604395605, "G": 0.0007501875468867217, "T": 0.0005837711617046118, "ratio": 1.2857142857142858}, "WBGene00022035": {"A": 0.0009629272989889263, "C": 0.0011037527593818985, "G": 0.0010362694300518134, "T": 0.0010251153254741158, "ratio": 0.5833333333333334}}