{"WBGene00021676": {"A": [0, 533], "C": [0, 390], "G": [1, 407], "T": [0, 533], "pRatio": 1.6, "pi": 0.0002, "dRatio": null}, "WBGene00018958": {"A": [0, 1337], "C": [1, 987], "G": [0, 988], "T": [0, 1506], "pRatio": 0.6666666666666666, "pi": 0.0007, "dRatio": 0.0587}, "WBGene00000227": {"A": [0, 8178], "C": [0, 4290], "G": [0, 4600], "T": [1, 7953], "pRatio": 1.1020408163265305, "pi": 0.0003, "dRatio": 0.1588}, "WBGene00016902": {"A": [0, 4342], "C": [1, 2687], "G": [1, 2430], "T": [1, 4804], "pRatio": 0.625, "pi": 0.0001, "dRatio": 0.06359}, "WBGene00016906": {"A": [0, 1561], "C": [0, 1038], "G": [0, 1018], "T": [1, 1363], "pRatio": 0.8571428571428571, "pi": 0.0001, "dRatio": 0.04177}, "WBGene00020088": {"A": [0, 1787], "C": [1, 819], "G": [1, 911], "T": [0, 1679], "pRatio": 1.0909090909090908, "pi": 0.0004, "dRatio": 0.07872}, "WBGene00020089": {"A": [0, 2303], "C": [0, 749], "G": [1, 805], "T": [1, 1646], "pRatio": 2.2, "pi": 0.0008, "dRatio": 0.08004}, "WBGene00021734": {"A": [0, 1842], "C": [1, 1090], "G": [0, 1057], "T": [0, 1829], "pRatio": 0.7222222222222222, "pi": 0.0008, "dRatio": 0.08922}, "WBGene00001814": {"A": [0, 1688], "C": [2, 1456], "G": [0, 1333], "T": [0, 1713], "pRatio": 1.2857142857142858, "pi": 0.0001, "dRatio": 0.02356}, "WBGene00022035": {"A": [1, 2077], "C": [0, 906], "G": [0, 965], "T": [1, 1951], "pRatio": 0.5833333333333334, "pi": 0.0002, "dRatio": 0.146}}