{"WBGene00021678": {"A": 0.0, "C": 0.0, "G": 0.0005707762557077625, "T": 0.0, "pRatio": 3.35, "pi": 0.0008, "dRatio": null}, "WBGene00018771": {"A": 0.0004880429477794046, "C": 0.0, "G": 0.0, "T": 0.0, "pRatio": 1.68, "pi": 0.0001, "dRatio": null}, "WBGene00000253": {"A": 0.00036036036036036037, "C": 0.0, "G": 0.0, "T": 0.000361794500723589, "pRatio": 0.4642857142857143, "pi": 0.0001, "dRatio": 0.03335}, "WBGene00004225": {"A": 0.0, "C": 0.0, "G": 0.0, "T": 0.0003075030750307503, "pRatio": 0.8095238095238095, "pi": 0.0002, "dRatio": 0.04785}, "WBGene00021666": {"A": 0.0, "C": 0.0, "G": 0.0021321961620469083, "T": 0.0, "pRatio": 1.0, "pi": 0, "dRatio": 0.09128}, "WBGene00021671": {"A": 0.0, "C": 0.0, "G": 0.0, "T": 0.000723589001447178, "pRatio": 1.5357142857142858, "pi": 0.0004, "dRatio": null}, "WBGene00016902": {"A": 0.0, "C": 0.0003721622627465575, "G": 0.00041152263374485596, "T": 0.00020815986677768527, "pRatio": 0.625, "pi": 0.0001, "dRatio": 0.06359}, "WBGene00002077": {"A": 0.0, "C": 0.0, "G": 0.0, "T": 0.0009115770282588879, "pRatio": 0.36, "pi": 0.0001, "dRatio": 0.08871}, "WBGene00002079": {"A": 0.0, "C": 0.0, "G": 0.001059322033898305, "T": 0.0, "pRatio": 0.25, "pi": 0, "dRatio": 0.0674}, "WBGene00006593": {"A": 0.0001712035610340695, "C": 0.0, "G": 0.00034094783498124785, "T": 0.0, "pRatio": 0.7857142857142857, "pi": 0.0001, "dRatio": 0.08487}}