{"WBGene00002040": {"A": 0.00014598540145985403, "C": 0.00024307243558580456, "G": 0.00023030861354214648, "T": 0.0003096454559529339, "pRatio": 0.3387096774193548, "pi": 0, "dRatio": 0.0147}, "WBGene00021329": {"A": 0.00045998160073597056, "C": 0.0008984725965858042, "G": 0.0008976660682226212, "T": 0.0009074410163339383, "pRatio": 1.4791666666666667, "pi": 0.0012, "dRatio": 0.1762}, "WBGene00017741": {"A": 0.0009407337723424271, "C": 0.0031007751937984496, "G": 0.0016366612111292963, "T": 0.0009140767824497258, "pRatio": 0.7142857142857143, "pi": 0.0003, "dRatio": 0.03722}, "WBGene00001404": {"A": 0.0005763688760806917, "C": 0.0011806375442739079, "G": 0.0012254901960784314, "T": 0.0005841121495327102, "pRatio": 0.7142857142857143, "pi": 0.0005, "dRatio": 0.02641}, "WBGene00004226": {"A": 0.00044682752457551384, "C": 0.0006064281382656155, "G": 0.0006317119393556538, "T": 0.0004351610095735422, "pRatio": 1.0, "pi": 0.0002, "dRatio": 0.039}, "WBGene00019461": {"A": 0.0013351134846461949, "C": 0.0017064846416382253, "G": 0.0015600624024961, "T": 0.0014367816091954023, "pRatio": 1.25, "pi": 0.0011, "dRatio": 0.05789}, "WBGene00000832": {"A": 0.00030165912518853697, "C": 0.0004943153732081067, "G": 0.00045682960255824577, "T": 0.00032331070158422246, "pRatio": 1.105263157894737, "pi": 0.0003, "dRatio": 0.006485}, "WBGene00021271": {"A": 0.001215066828675577, "C": 0.0016207455429497568, "G": 0.0016722408026755853, "T": 0.0011574074074074073, "pRatio": 1.9, "pi": 0.0002, "dRatio": 0.1595}, "WBGene00021270": {"A": 0.003003003003003003, "C": 0.0038910505836575876, "G": 0.0036231884057971015, "T": 0.0029069767441860465, "pRatio": 1.1111111111111112, "pi": 0.0002, "dRatio": 0.1193}, "WBGene00021269": {"A": 0.00267379679144385, "C": 0.0034602076124567475, "G": 0.0038910505836575876, "T": 0.0032258064516129032, "pRatio": 0.375, "pi": 0.0012, "dRatio": 0.2153}}