{"WBGene00002040": {"A": [1, 6850], "C": [1, 4114], "G": [1, 4342], "T": [2, 6459], "pRatio": 0.3387096774193548, "pi": 0, "dRatio": 0.0147}, "WBGene00021329": {"A": [1, 2174], "C": [1, 1113], "G": [1, 1114], "T": [2, 2204], "pRatio": 1.4791666666666667, "pi": 0.0012, "dRatio": 0.1762}, "WBGene00017741": {"A": [1, 1063], "C": [2, 645], "G": [1, 611], "T": [1, 1094], "pRatio": 0.7142857142857143, "pi": 0.0003, "dRatio": 0.03722}, "WBGene00001404": {"A": [1, 1735], "C": [1, 847], "G": [1, 816], "T": [1, 1712], "pRatio": 0.7142857142857143, "pi": 0.0005, "dRatio": 0.02641}, "WBGene00004226": {"A": [1, 2238], "C": [1, 1649], "G": [1, 1583], "T": [1, 2298], "pRatio": 1.0, "pi": 0.0002, "dRatio": 0.039}, "WBGene00019461": {"A": [1, 749], "C": [1, 586], "G": [1, 641], "T": [1, 696], "pRatio": 1.25, "pi": 0.0011, "dRatio": 0.05789}, "WBGene00000832": {"A": [1, 3315], "C": [1, 2023], "G": [1, 2189], "T": [1, 3093], "pRatio": 1.105263157894737, "pi": 0.0003, "dRatio": 0.006485}, "WBGene00021271": {"A": [1, 823], "C": [1, 617], "G": [1, 598], "T": [1, 864], "pRatio": 1.9, "pi": 0.0002, "dRatio": 0.1595}, "WBGene00021270": {"A": [1, 333], "C": [1, 257], "G": [1, 276], "T": [1, 344], "pRatio": 1.1111111111111112, "pi": 0.0002, "dRatio": 0.1193}, "WBGene00021269": {"A": [1, 374], "C": [1, 289], "G": [1, 257], "T": [1, 310], "pRatio": 0.375, "pi": 0.0012, "dRatio": 0.2153}}