{"WBGene00018771": {"length": 6720, "hits": 2, "pRatio": 1.68, "tajD": -2.0931, "pi": 0.0001, "dRatio": null, "McKt": null, "NSSubs": {"A>G": 20, "C>T": 23, "G>C": 4, "T>A": 4, "C>A": 12, "A>C": 4}, "MASubs": {"A>G": 1}}, "WBGene00021671": {"length": 4679, "hits": 2, "pRatio": 1.5357142857142858, "tajD": -1.0396, "pi": 0.0004, "dRatio": null, "McKt": null, "NSSubs": {"C>T": 25, "A>G": 17, "T>A": 14, "G>C": 4, "A>C": 7, "C>A": 4}, "MASubs": {"T>A": 1}}, "WBGene00016902": {"length": 14256, "hits": 4, "pRatio": 0.625, "tajD": -0.0622, "pi": 0.0001, "dRatio": 0.06359, "McKt": 0.10174399999999999, "NSSubs": {"A>G": 3, "C>T": 9, "T>A": 1}, "MASubs": {"C>T": 1, "C>A": 1, "A>G": 1}}, "WBGene00002077": {"length": 4008, "hits": 2, "pRatio": 0.36, "tajD": -1.458, "pi": 0.0001, "dRatio": 0.08871, "McKt": 0.24641666666666667, "NSSubs": {"A>G": 8, "C>T": 15, "A>C": 1, "C>A": 5, "G>C": 2, "T>A": 3}, "MASubs": {"T>A": 1}}, "WBGene00002079": {"length": 4803, "hits": 2, "pRatio": 0.25, "tajD": -0.84, "pi": 0.0, "dRatio": 0.0674, "McKt": 0.2696, "NSSubs": {"C>T": 13, "A>G": 7, "G>C": 2, "C>A": 1, "T>A": 1, "A>C": 1}, "MASubs": {"C>T": 1}}, "WBGene00006593": {"length": 17602, "hits": 3, "pRatio": 0.7857142857142857, "tajD": -1.9557, "pi": 0.0001, "dRatio": 0.08487, "McKt": 0.10801636363636365, "NSSubs": {"C>T": 24, "A>G": 10, "G>C": 4, "T>A": 8, "C>A": 2, "A>C": 2}, "MASubs": {"G>C": 1, "T>A": 1}}, "WBGene00022035": {"length": 5898, "hits": 3, "pRatio": 0.5833333333333334, "tajD": -1.1852, "pi": 0.0002, "dRatio": 0.146, "McKt": 0.2502857142857143, "NSSubs": {"A>G": 5, "C>T": 8, "T>A": 2, "G>C": 1, "A>C": 2, "C>A": 1}, "MASubs": {"T>A": 1, "A>G": 1}}, "WBGene00018923": {"length": 14793, "hits": 3, "pRatio": 1.0769230769230769, "tajD": -1.4322, "pi": 0.0007, "dRatio": 0.1262, "McKt": 0.1171857142857143, "NSSubs": {"A>G": 7, "G>C": 2, "C>T": 9, "A>C": 2, "C>A": 4, "T>A": 3}, "MASubs": {"G>C": 1, "C>T": 1}}, "WBGene00022027": {"length": 1048, "hits": 2, "pRatio": 1.0, "tajD": -0.6526, "pi": 0.0007, "dRatio": 0.05089, "McKt": 0.05089, "NSSubs": {"A>G": 4, "C>T": 10, "T>A": 2, "C>A": 1, "G>C": 1}, "MASubs": {"T>A": 1}}, "WBGene00021208": {"length": 3348, "hits": 3, "pRatio": 1.5625, "tajD": -1.3324, "pi": 0.0003, "dRatio": 0.06324, "McKt": 0.040473600000000005, "NSSubs": {"C>T": 21, "T>A": 4, "C>A": 5, "A>G": 7, "A>C": 2, "G>C": 2}, "MASubs": {"C>T": 1, "A>C": 1}}}